Workbook

Sheet Detail
A1: Stt | B1: Tên | C1: Lấy logo | D1: Lĩnh vực | E1: Quốc gia | F1: Link website | G1: Khu vực | H1: Phân loại
A2: 1 | B2: Công ty TNHH Đầu tư Kido | C2: x | D2: Bán buôn thực phẩm | E2: Việt Nam | F2: https://www.kdc.vn/ | G2: Việt Nam | H2: Thương mại & Phân phối | I2: 1
A3: =A2+1 -> 2 | B3: CHI NHÁNH CÔNG TY TNHH GLANDCORE | C3: x | D3: Bán buôn nguyên liệu dược phẩm | E3: Việt Nam | F3: https://glandcore.com.vn/ | G3: Việt Nam | H3: Thương mại & Phân phối | I3: 2
A4: =A3+1 -> 3 | B4: Công ty TNHH Lautan Luas Việt Nam | C4: x | D4: Hóa chất | E4: Indonesia | F4: https://lautan-luas.com.vn/vi/ | G4: Châu Á, Thái Bình Dương | H4: Thương mại & Phân phối | I4: 3
A5: =A4+1 -> 4 | B5: Công ty TNHH Nipon Việt Nam | C5: x | D5: Thiết bị y tế | E5: Nhật Bản | F5: https://www.niponvietnam.com.vn/ | G5: Châu Á, Thái Bình Dương | H5: Thương mại & Phân phối | I5: 4
A6: =A5+1 -> 5 | B6: CÔNG TY TNHH ĐỘNG CƠ VÀ MÁY MÓC ELEKTRIM (VIỆT NAM) | C6: x | D6: Phân phối động cơ điện, máy móc | E6: Singapore | F6: https://elektrim.com.vn/ | G6: Châu Á, Thái Bình Dương | H6: Thương mại & Phân phối | I6: 5
A7: =A6+1 -> 6 | B7: Công ty TNHH Thương mại Kỹ thuật Tri Việt | C7: x | D7: Thiết bị công nghiệp, kỹ thuật | E7: Việt Nam | F7: https://trivietco.vn/ | G7: Việt Nam | H7: Thương mại & Phân phối | I7: 6
A8: =A7+1 -> 7 | B8: CÔNG TY TNHH MENTFIELD QV LOGISTICS VIỆT NAM | C8: x | D8: Logistic Forwarding | E8: UK | F8: http://www.mentfield.com/ | G8: Châu Âu | H8: Logistics & Xuất nhập khẩu | I8: 7
A9: =A8+1 -> 8 | B9: CÔNG TY CỔ PHẦN DỊCH VỤ LÔ-GI-STIC ĐẠI CỒ VIỆT | C9: x | D9: Logistic | E9: Việt Nam | F9: https://dacologistics.com/vi/home/ | G9: Châu Á, Thái Bình Dương | H9: Logistics & Xuất nhập khẩu | I9: 8
A10: =A9+1 -> 9 | B10: CÔNG TY TNHH SAVINO DEL BENE VIỆT NAM | C10: x | D10: Logistics | E10: Italia | F10: https://www.savinodelbene.com/company/ | G10: Châu Âu | H10: Logistics & Xuất nhập khẩu | I10: 9
A11: =A10+1 -> 10 | B11: CÔNG TY TNHH MASS WORLDWIDE LOGISTICS (VIỆT NAM) OCEAN | C11: x | D11: Logistic Forwarding | E11: HongKong | F11: http://www.mass.co.th/home | G11: Châu Á, Thái Bình Dương | H11: Logistics & Xuất nhập khẩu | I11: 10
A12: =A11+1 -> 11 | B12: Công ty TNHH Nankai AGL Việt Nam | C12: x | D12: Logistic Forwarding | E12: Nhật Bản | F12: https://www.aglc.co.jp/ | G12: Châu Á, Thái Bình Dương | H12: Logistics & Xuất nhập khẩu | I12: 11
A13: =A12+1 -> 12 | B13: Công ty TNHH Molvizadah Sons Việt Nam | C13: x | D13: Bán buôn xuất khẩu tiêu điều | E13: UAE | F13: https://www.molvizadahsons.com/ | G13: Châu Á, Thái Bình Dương | H13: Logistics & Xuất nhập khẩu | I13: 12
A14: =A13+1 -> 13 | B14: CÔNG TY TNHH ASAMA YUH JIUN INTERNATIONAL VIỆT NAM | C14: x | D14: Sản xuất phương tiện | E14: Đài Loan | F14: https://asamabike.com/ | G14: Châu Á, Thái Bình Dương | H14: Sản xuất công nghiệp & nguyên vật liệu | I14: 13
... A25: =A24+1 -> 24 | B25: Ủy Ban Bác Ái Xã hội - Caritas Việt Nam | C25: x | D25: Tổ chức từ thiện | E25: Việt Nam | F25: https://caritasvietnam.org/ | G25: Việt Nam | H25: Tổ chức từ thiện | I25: 24

Sheet Classification
A1: Phân loại | B1: Số lượng
A2: Thương mại & Phân phối | B2: =COUNTIF(Detail!$H:$H,Classification!A2) -> 6
A3: Logistics & Xuất nhập khẩu | B3: =COUNTIF(Detail!$H:$H,Classification!A3) -> 6
A4: Sản xuất công nghiệp & nguyên vật liệu | B4: =COUNTIF(Detail!$H:$H,Classification!A4) -> 5
A5: Sản xuất tiêu dùng | B5: =COUNTIF(Detail!$H:$H,Classification!A5) -> 2
A6: Bất động sản & Dịch vụ doanh nghiệp | B6: =COUNTIF(Detail!$H:$H,Classification!A6) -> 4
A7: Tổ chức từ thiện | B7: =COUNTIF(Detail!$H:$H,Classification!A7) -> 1
A10: Row Labels | B10: Count of Tên
A11: Thương mại & Phân phối | B11: 6
A12: CHI NHÁNH CÔNG TY TNHH GLANDCORE | B12: 1
A13: Công ty TNHH Đầu tư Kido | B13: 1
A14: CÔNG TY TNHH ĐỘNG CƠ VÀ MÁY MÓC ELEKTRIM (VIỆT NAM) | B14: 1
A15: Công ty TNHH Lautan Luas Việt Nam | B15: 1
A16: Công ty TNHH Nipon Việt Nam | B16: 1
A17: Công ty TNHH Thương mại Kỹ thuật Tri Việt | B17: 1
A18: Logistics & Xuất nhập khẩu | B18: 6
A19: CÔNG TY CỔ PHẦN DỊCH VỤ LÔ-GI-STIC ĐẠI CỒ VIỆT | B19: 1
A20: CÔNG TY TNHH MASS WORLDWIDE LOGISTICS (VIỆT NAM) OCEAN | B20: 1
A21: CÔNG TY TNHH MENTFIELD QV LOGISTICS VIỆT NAM | B21: 1
A22: Công ty TNHH Molvizadah Sons Việt Nam | B22: 1
... A41: Grand Total | B41: 24
